agent,weather,map,route,mtime,frames
interfuser,0,map_01,routes_town01_tiny,1760827237.0,3695
interfuser,0,map_02,routes_town02_tiny,1760823535.0,4297
interfuser,0,map_06,routes_town06_long,1760688210.0,0
interfuser,0,map_02,routes_town02_long,1760694763.0,5294
interfuser,0,map_04,routes_town04_long,1760690737.0,5360
interfuser,0,map_05,routes_town05_tiny,1760826205.0,1001
interfuser,0,map_07,routes_town07_short,1760900704.0,0
interfuser,0,map_10,routes_town10_short,1760900718.0,0
interfuser,0,map_03,routes_town03_long,1760700588.0,6168
interfuser,0,map_05,routes_town05_long,1760700803.0,6302
interfuser,0,map_01,routes_town01_long,1760691601.0,7827
interfuser,0,map_04,routes_town04_tiny,1760828835.0,8841
interfuser,1,map_02,routes_town02_long,1760692718.0,3752
interfuser,1,map_03,routes_town03_long,1760690168.0,4779
interfuser,1,map_01,routes_town01_short,1760907982.0,6381
interfuser,1,map_06,routes_town06_long,1760688307.0,0
interfuser,1,map_06,routes_town06_short,1760901056.0,0
interfuser,1,map_02,routes_town02_short,1760919058.0,7321
interfuser,1,map_04,routes_town04_long,1760690880.0,5360
interfuser,1,map_01,routes_town01_long,1760691747.0,8015
interfuser,1,map_04,routes_town04_short,1760903037.0,4708
interfuser,1,map_07,routes_town07_short,1760901071.0,0
interfuser,1,map_10,routes_town10_short,1760901086.0,0
interfuser,1,map_05,routes_town05_long,1760698908.0,4458
interfuser,10,map_01,routes_town01_tiny,1760829625.0,701
interfuser,1,map_05,routes_town05_short,1760910832.0,5541
interfuser,10,map_03,routes_town03_tiny,1760830225.0,821
interfuser,10,map_02,routes_town02_short,1760950680.0,4821
interfuser,10,map_02,routes_town02_long,1760717766.0,5696
interfuser,10,map_02,routes_town02_tiny,1760838333.0,5418
interfuser,10,map_03,routes_town03_long,1760721442.0,5913
interfuser,10,map_01,routes_town01_short,1760932027.0,8621
interfuser,10,map_04,routes_town04_long,1760723793.0,5422
interfuser,10,map_05,routes_town05_tiny,1760838469.0,1001
interfuser,10,map_04,routes_town04_tiny,1760837856.0,3961
interfuser,10,map_05,routes_town05_long,1760723040.0,4027
interfuser,10,map_06,routes_town06_long,1760713954.0,0
interfuser,10,map_06,routes_town06_tiny,1760829786.0,0
interfuser,10,map_06,routes_town06_short,1760927954.0,0
interfuser,10,map_01,routes_town01_long,1760718087.0,11474
interfuser,10,map_07,routes_town07_short,1760927967.0,0
interfuser,10,map_07,routes_town07_tiny,1760829782.0,0
interfuser,10,map_10,routes_town10_short,1760927980.0,0
interfuser,10,map_10,routes_town10_tiny,1760829796.0,0
interfuser,1,map_03,routes_town03_short,1760909856.0,19521
interfuser,10,map_05,routes_town05_short,1760937163.0,5541
interfuser,11,map_01,routes_town01_tiny,1760838177.0,3721
interfuser,11,map_02,routes_town02_short,1760933223.0,4441
interfuser,11,map_02,routes_town02_long,1760718121.0,4501
interfuser,10,map_04,routes_town04_short,1760945171.0,11541
interfuser,11,map_03,routes_town03_tiny,1760830602.0,821
interfuser,11,map_01,routes_town01_short,1760937341.0,6381
interfuser,11,map_03,routes_town03_long,1760716062.0,4779
interfuser,11,map_06,routes_town06_long,1760724887.0,0
interfuser,11,map_06,routes_town06_short,1760928606.0,0
interfuser,11,map_02,routes_town02_tiny,1760842986.0,6812
interfuser,11,map_01,routes_town01_long,1760717465.0,7731
interfuser,11,map_07,routes_town07_short,1760928627.0,0
interfuser,11,map_10,routes_town10_short,1760928648.0,0
interfuser,11,map_05,routes_town05_long,1760739856.0,4894
interfuser,11,map_04,routes_town04_long,1760727124.0,5360
interfuser,11,map_05,routes_town05_short,1760940397.0,5541
interfuser,12,map_02,routes_town02_short,1760948132.0,5221
interfuser,12,map_02,routes_town02_long,1760730310.0,6705
interfuser,12,map_03,routes_town03_long,1760727355.0,4779
interfuser,12,map_01,routes_town01_long,1760728460.0,8015
interfuser,12,map_06,routes_town06_long,1760725832.0,0
interfuser,12,map_01,routes_town01_short,1760933393.0,8621
interfuser,12,map_06,routes_town06_short,1760929140.0,0
interfuser,12,map_07,routes_town07_short,1760929162.0,0
interfuser,12,map_10,routes_town10_short,1760929185.0,0
interfuser,12,map_04,routes_town04_long,1760728134.0,5360
interfuser,12,map_04,routes_town04_short,1760931000.0,4708
interfuser,12,map_05,routes_town05_long,1760739822.0,5542
interfuser,13,map_02,routes_town02_long,1760729959.0,4459
interfuser,13,map_05,routes_town05_tiny,1760840027.0,781
interfuser,11,map_03,routes_town03_short,1760936830.0,19521
interfuser,13,map_06,routes_town06_long,1760727052.0,0
interfuser,13,map_06,routes_town06_tiny,1760839656.0,0
interfuser,13,map_04,routes_town04_long,1760729209.0,5360
interfuser,13,map_07,routes_town07_tiny,1760839669.0,0
interfuser,12,map_03,routes_town03_short,1760935183.0,13676
interfuser,13,map_10,routes_town10_tiny,1760839682.0,0
interfuser,13,map_01,routes_town01_long,1760729377.0,7731
interfuser,13,map_03,routes_town03_long,1760731274.0,6863
interfuser,13,map_05,routes_town05_long,1760737210.0,4140
interfuser,14,map_01,routes_town01_tiny,1760840392.0,721
interfuser,14,map_02,routes_town02_tiny,1760840000.0,661
interfuser,13,map_01,routes_town01_short,1760933640.0,8621
interfuser,14,map_03,routes_town03_tiny,1760840458.0,821
interfuser,14,map_06,routes_town06_long,1760737113.0,0
interfuser,14,map_05,routes_town05_tiny,1760840218.0,781
interfuser,14,map_06,routes_town06_tiny,1760839880.0,0
interfuser,14,map_07,routes_town07_tiny,1760839892.0,0
interfuser,14,map_10,routes_town10_tiny,1760839904.0,0
interfuser,14,map_02,routes_town02_long,1760730990.0,4252
interfuser,14,map_04,routes_town04_tiny,1760842283.0,3561
interfuser,14,map_03,routes_town03_long,1760729573.0,4779
interfuser,2,map_02,routes_town02_tiny,1760827120.0,681
interfuser,14,map_05,routes_town05_long,1760749876.0,4733
interfuser,14,map_04,routes_town04_long,1760730523.0,5360
interfuser,2,map_03,routes_town03_tiny,1760826167.0,581
interfuser,14,map_01,routes_town01_long,1760730573.0,8015
interfuser,2,map_04,routes_town04_tiny,1760828468.0,3561
interfuser,2,map_01,routes_town01_short,1760905670.0,8621
interfuser,2,map_04,routes_town04_short,1760903823.0,4708
interfuser,2,map_04,routes_town04_long,1760690878.0,5360
interfuser,2,map_02,routes_town02_long,1760700484.0,8012
interfuser,2,map_06,routes_town06_short,1760901743.0,0
interfuser,2,map_06,routes_town06_long,1760688329.0,0
interfuser,2,map_06,routes_town06_tiny,1760826113.0,0
interfuser,2,map_05,routes_town05_tiny,1760826479.0,781
interfuser,2,map_07,routes_town07_tiny,1760826127.0,0
interfuser,2,map_07,routes_town07_short,1760901754.0,0
interfuser,2,map_10,routes_town10_short,1760901756.0,0
interfuser,2,map_10,routes_town10_tiny,1760826133.0,0
interfuser,3,map_01,routes_town01_tiny,1760826899.0,721
interfuser,2,map_01,routes_town01_long,1760693550.0,11912
interfuser,2,map_03,routes_town03_short,1760906198.0,10833
interfuser,3,map_02,routes_town02_long,1760703959.0,3809
interfuser,3,map_02,routes_town02_tiny,1760829131.0,3879
interfuser,3,map_02,routes_town02_short,1760918240.0,4368
interfuser,2,map_05,routes_town05_long,1760699348.0,7923
interfuser,3,map_03,routes_town03_tiny,1760827084.0,721
interfuser,3,map_01,routes_town01_short,1760913394.0,6756
interfuser,2,map_03,routes_town03_long,1760698692.0,16161
interfuser,3,map_01,routes_town01_long,1760691882.0,8015
interfuser,3,map_03,routes_town03_long,1760699974.0,4779
interfuser,3,map_05,routes_town05_tiny,1760826728.0,781
interfuser,3,map_06,routes_town06_long,1760698557.0,0
interfuser,3,map_06,routes_town06_short,1760901948.0,0
interfuser,3,map_07,routes_town07_short,1760901961.0,0
interfuser,3,map_07,routes_town07_tiny,1760827257.0,0
interfuser,3,map_10,routes_town10_short,1760901975.0,0
interfuser,3,map_10,routes_town10_tiny,1760827276.0,0
interfuser,4,map_01,routes_town01_tiny,1760828041.0,721
interfuser,3,map_05,routes_town05_short,1760919956.0,4269
interfuser,3,map_04,routes_town04_long,1760700670.0,5360
interfuser,3,map_04,routes_town04_short,1760907001.0,5354
interfuser,4,map_02,routes_town02_short,1760917238.0,4546
interfuser,4,map_03,routes_town03_long,1760700574.0,4779
interfuser,4,map_03,routes_town03_tiny,1760828088.0,779
interfuser,4,map_02,routes_town02_tiny,1760834007.0,5996
interfuser,4,map_01,routes_town01_short,1760906554.0,8621
interfuser,3,map_05,routes_town05_long,1760713636.0,12381
interfuser,4,map_02,routes_town02_long,1760704499.0,8128
interfuser,4,map_05,routes_town05_tiny,1760827751.0,781
interfuser,4,map_06,routes_town06_long,1760699369.0,0
interfuser,4,map_06,routes_town06_tiny,1760827370.0,0
interfuser,4,map_07,routes_town07_tiny,1760827386.0,0
interfuser,4,map_10,routes_town10_tiny,1760827401.0,0
interfuser,4,map_04,routes_town04_tiny,1760829782.0,3561
interfuser,5,map_01,routes_town01_tiny,1760828131.0,721
interfuser,4,map_01,routes_town01_long,1760703890.0,12261
interfuser,4,map_05,routes_town05_long,1760705199.0,3987
interfuser,4,map_04,routes_town04_long,1760701290.0,5360
interfuser,5,map_03,routes_town03_tiny,1760828190.0,821
interfuser,3,map_03,routes_town03_short,1760910289.0,19521
interfuser,5,map_06,routes_town06_long,1760700603.0,0
interfuser,5,map_05,routes_town05_tiny,1760827878.0,781
interfuser,5,map_06,routes_town06_tiny,1760827611.0,0
interfuser,5,map_07,routes_town07_tiny,1760827634.0,0
interfuser,5,map_10,routes_town10_tiny,1760827643.0,0
interfuser,5,map_02,routes_town02_long,1760704010.0,5070
interfuser,5,map_02,routes_town02_tiny,1760838165.0,4228
interfuser,6,map_01,routes_town01_tiny,1760828432.0,721
interfuser,6,map_02,routes_town02_tiny,1760827954.0,661
interfuser,5,map_05,routes_town05_long,1760707092.0,3981
interfuser,5,map_04,routes_town04_long,1760702574.0,5360
interfuser,5,map_01,routes_town01_long,1760708724.0,7914
interfuser,5,map_03,routes_town03_long,1760707984.0,7441
interfuser,6,map_05,routes_town05_tiny,1760828714.0,781
interfuser,6,map_06,routes_town06_long,1760707590.0,0
interfuser,6,map_06,routes_town06_tiny,1760828382.0,0
interfuser,6,map_07,routes_town07_tiny,1760828384.0,0
interfuser,6,map_10,routes_town10_tiny,1760828395.0,0
interfuser,6,map_02,routes_town02_long,1760705153.0,5108
interfuser,6,map_03,routes_town03_long,1760709200.0,4779
interfuser,7,map_01,routes_town01_tiny,1760829159.0,721
interfuser,6,map_04,routes_town04_long,1760709939.0,5360
interfuser,7,map_02,routes_town02_tiny,1760828701.0,661
interfuser,6,map_05,routes_town05_long,1760713938.0,4664
interfuser,6,map_01,routes_town01_long,1760704146.0,8015
interfuser,7,map_03,routes_town03_tiny,1760829211.0,821
interfuser,7,map_05,routes_town05_tiny,1760828879.0,781
interfuser,7,map_06,routes_town06_long,1760708004.0,0
interfuser,6,map_04,routes_town04_tiny,1760838361.0,8841
interfuser,7,map_06,routes_town06_tiny,1760828498.0,0
interfuser,7,map_02,routes_town02_long,1760714025.0,5182
interfuser,7,map_07,routes_town07_tiny,1760828518.0,0
interfuser,7,map_10,routes_town10_tiny,1760828517.0,0
interfuser,7,map_05,routes_town05_long,1760712209.0,3814
interfuser,8,map_01,routes_town01_tiny,1760829277.0,721
interfuser,7,map_04,routes_town04_long,1760710483.0,5360
interfuser,8,map_02,routes_town02_tiny,1760828847.0,661
interfuser,8,map_03,routes_town03_tiny,1760829320.0,821
interfuser,7,map_03,routes_town03_long,1760714097.0,8492
interfuser,7,map_04,routes_town04_tiny,1760843402.0,8841
interfuser,8,map_05,routes_town05_tiny,1760836836.0,1001
interfuser,8,map_06,routes_town06_long,1760709232.0,0
interfuser,8,map_06,routes_town06_tiny,1760829151.0,0
interfuser,7,map_01,routes_town01_long,1760713418.0,12261
interfuser,8,map_07,routes_town07_tiny,1760829170.0,0
interfuser,8,map_03,routes_town03_long,1760710266.0,4779
interfuser,8,map_10,routes_town10_tiny,1760829190.0,0
interfuser,8,map_02,routes_town02_long,1760713135.0,6206
interfuser,8,map_05,routes_town05_long,1760713117.0,3848
interfuser,8,map_04,routes_town04_long,1760711009.0,5360
interfuser,9,map_03,routes_town03_tiny,1760829555.0,581
interfuser,8,map_01,routes_town01_long,1760716548.0,9101
interfuser,9,map_01,routes_town01_tiny,1760837998.0,3702
interfuser,9,map_03,routes_town03_long,1760714168.0,4779
interfuser,9,map_04,routes_town04_short,1760929129.0,4708
interfuser,9,map_04,routes_town04_long,1760715092.0,5360
interfuser,9,map_06,routes_town06_long,1760713041.0,0
interfuser,9,map_06,routes_town06_tiny,1760829305.0,0
interfuser,9,map_04,routes_town04_tiny,1760835300.0,4758
interfuser,9,map_07,routes_town07_short,1760927350.0,0
interfuser,9,map_07,routes_town07_tiny,1760829319.0,0
interfuser,9,map_02,routes_town02_tiny,1760836371.0,7761
interfuser,9,map_10,routes_town10_short,1760927371.0,0
interfuser,9,map_10,routes_town10_tiny,1760829331.0,0
interfuser,9,map_02,routes_town02_long,1760718349.0,9424
tcp,0,map_01,routes_town01_tiny,1760840394.0,721
tcp,0,map_02,routes_town02_tiny,1760840151.0,661
interfuser,9,map_05,routes_town05_short,1760940312.0,5541
tcp,0,map_03,routes_town03_tiny,1760840425.0,821
interfuser,9,map_05,routes_town05_long,1760721120.0,7298
interfuser,9,map_01,routes_town01_long,1760715056.0,12261
tcp,0,map_04,routes_town04_tiny,1760840162.0,541
tcp,0,map_06,routes_town06_long,1760737600.0,0
tcp,0,map_06,routes_town06_tiny,1760840197.0,0
tcp,0,map_07,routes_town07_tiny,1760840213.0,0
tcp,0,map_10,routes_town10_tiny,1760840229.0,0
tcp,1,map_01,routes_town01_tiny,1760841411.0,741
tcp,0,map_04,routes_town04_long,1760739281.0,5360
tcp,0,map_01,routes_town01_long,1760739595.0,7731
tcp,0,map_05,routes_town05_long,1760742704.0,6134
tcp,1,map_03,routes_town03_tiny,1760840840.0,821
tcp,1,map_02,routes_town02_tiny,1760842500.0,4513
tcp,0,map_02,routes_town02_long,1760745818.0,11623
tcp,1,map_01,routes_town01_long,1760740069.0,7731
tcp,1,map_06,routes_town06_long,1760738253.0,0
tcp,1,map_05,routes_town05_tiny,1760840661.0,781
tcp,1,map_04,routes_town04_tiny,1760841927.0,3561
tcp,1,map_06,routes_town06_tiny,1760840394.0,0
tcp,1,map_02,routes_town02_long,1760745497.0,8878
tcp,1,map_07,routes_town07_tiny,1760840407.0,0
tcp,1,map_10,routes_town10_tiny,1760840413.0,0
tcp,1,map_04,routes_town04_long,1760740007.0,5360
tcp,1,map_05,routes_town05_long,1760743403.0,6134
tcp,0,map_03,routes_town03_long,1760743985.0,16161
tcp,10,map_02,routes_town02_short,1760974032.0,3401
tcp,10,map_02,routes_town02_long,1760773568.0,6176
tcp,10,map_01,routes_town01_long,1760769309.0,7731
tcp,10,map_06,routes_town06_long,1760767261.0,0
tcp,10,map_04,routes_town04_long,1760769091.0,5360
tcp,10,map_06,routes_town06_short,1760973108.0,0
tcp,10,map_07,routes_town07_short,1760973122.0,0
tcp,1,map_03,routes_town03_long,1760744725.0,16161
tcp,10,map_10,routes_town10_short,1760973137.0,0
tcp,10,map_05,routes_town05_long,1760772457.0,6134
tcp,10,map_05,routes_town05_short,1760979917.0,5541
tcp,10,map_04,routes_town04_short,1760993407.0,9737
tcp,11,map_02,routes_town02_short,1760974311.0,3401
tcp,10,map_03,routes_town03_long,1760773546.0,16161
tcp,11,map_01,routes_town01_short,1760976265.0,8621
tcp,11,map_02,routes_town02_long,1760775130.0,8888
tcp,11,map_01,routes_town01_long,1760770298.0,9411
tcp,11,map_06,routes_town06_long,1760767908.0,0
tcp,11,map_04,routes_town04_long,1760769673.0,5360
tcp,11,map_06,routes_town06_short,1760973710.0,0
tcp,11,map_07,routes_town07_short,1760973730.0,0
tcp,10,map_03,routes_town03_short,1760979333.0,19070
tcp,11,map_10,routes_town10_short,1760973751.0,0
tcp,12,map_01,routes_town01_tiny,1760865140.0,721
tcp,11,map_05,routes_town05_long,1760772975.0,6134
tcp,12,map_02,routes_town02_tiny,1760864922.0,661
tcp,11,map_04,routes_town04_short,1760993347.0,9737
tcp,12,map_02,routes_town02_short,1760987310.0,5221
tcp,12,map_02,routes_town02_long,1760774691.0,6176
tcp,11,map_03,routes_town03_short,1760981582.0,14368
tcp,12,map_03,routes_town03_tiny,1760865238.0,821
tcp,12,map_01,routes_town01_long,1760770490.0,8015
tcp,11,map_03,routes_town03_long,1760774313.0,16161
tcp,12,map_01,routes_town01_short,1760976997.0,8621
tcp,12,map_04,routes_town04_tiny,1760864987.0,541
tcp,12,map_06,routes_town06_long,1760776283.0,0
tcp,12,map_05,routes_town05_tiny,1760865105.0,781
tcp,12,map_06,routes_town06_short,1760974122.0,0
tcp,12,map_06,routes_town06_tiny,1760864866.0,0
tcp,12,map_10,routes_town10_short,1760974135.0,0
tcp,12,map_07,routes_town07_tiny,1760864882.0,0
tcp,12,map_05,routes_town05_short,1760974994.0,2261
tcp,12,map_10,routes_town10_tiny,1760864889.0,0
tcp,12,map_04,routes_town04_long,1760778031.0,5360
tcp,13,map_01,routes_town01_tiny,1760865361.0,721
tcp,13,map_02,routes_town02_tiny,1760865139.0,661
tcp,12,map_05,routes_town05_long,1760781311.0,6134
tcp,12,map_04,routes_town04_short,1760994444.0,9737
tcp,13,map_01,routes_town01_short,1760995105.0,7010
tcp,13,map_02,routes_town02_long,1760781060.0,5959
tcp,13,map_01,routes_town01_long,1760778866.0,8015
tcp,12,map_03,routes_town03_long,1760774800.0,16161
tcp,13,map_04,routes_town04_long,1760778528.0,5360
tcp,13,map_05,routes_town05_tiny,1760865461.0,781
tcp,13,map_06,routes_town06_long,1760776787.0,0
tcp,13,map_06,routes_town06_short,1760975478.0,0
tcp,13,map_06,routes_town06_tiny,1760865195.0,0
tcp,13,map_07,routes_town07_short,1760975498.0,0
tcp,13,map_07,routes_town07_tiny,1760865217.0,0
tcp,13,map_04,routes_town04_tiny,1760870820.0,6293
tcp,13,map_10,routes_town10_short,1760975517.0,0
tcp,13,map_10,routes_town10_tiny,1760865239.0,0
tcp,12,map_03,routes_town03_short,1760980251.0,19521
tcp,13,map_05,routes_town05_long,1760781933.0,6134
tcp,14,map_01,routes_town01_tiny,1760865719.0,721
tcp,14,map_02,routes_town02_tiny,1760865501.0,661
tcp,13,map_04,routes_town04_short,1760995233.0,9737
tcp,14,map_03,routes_town03_tiny,1760865775.0,821
tcp,13,map_03,routes_town03_long,1760783262.0,16161
tcp,14,map_04,routes_town04_tiny,1760865515.0,541
tcp,14,map_02,routes_town02_short,1760989010.0,5221
tcp,14,map_05,routes_town05_tiny,1760865630.0,781
tcp,14,map_06,routes_town06_long,1760777359.0,0
tcp,14,map_01,routes_town01_long,1760779355.0,7967
tcp,14,map_06,routes_town06_tiny,1760865368.0,0
tcp,13,map_03,routes_town03_short,1760981427.0,19521
tcp,14,map_07,routes_town07_tiny,1760865375.0,0
tcp,14,map_01,routes_town01_short,1760978655.0,8621
tcp,14,map_10,routes_town10_tiny,1760865380.0,0
tcp,14,map_02,routes_town02_long,1760784615.0,8888
tcp,14,map_04,routes_town04_long,1760779219.0,5360
tcp,2,map_01,routes_town01_tiny,1760840881.0,721
tcp,2,map_03,routes_town03_tiny,1760840930.0,821
tcp,14,map_05,routes_town05_long,1760782471.0,6134
tcp,2,map_02,routes_town02_tiny,1760842649.0,4513
tcp,2,map_04,routes_town04_tiny,1760842021.0,3561
tcp,2,map_05,routes_town05_tiny,1760840907.0,781
tcp,2,map_02,routes_town02_long,1760745037.0,6176
tcp,2,map_06,routes_town06_long,1760747541.0,0
tcp,2,map_07,routes_town07_tiny,1760841181.0,0
tcp,2,map_04,routes_town04_long,1760741806.0,5360
tcp,2,map_10,routes_town10_tiny,1760841194.0,0
tcp,2,map_01,routes_town01_long,1760740733.0,7731
tcp,3,map_01,routes_town01_tiny,1760842361.0,741
tcp,2,map_05,routes_town05_long,1760745019.0,6134
tcp,14,map_03,routes_town03_long,1760783801.0,16161
tcp,3,map_03,routes_town03_tiny,1760841750.0,821
tcp,3,map_02,routes_town02_tiny,1760843424.0,4513
tcp,3,map_02,routes_town02_short,1760966558.0,5221
tcp,3,map_01,routes_town01_long,1760750105.0,8015
tcp,3,map_04,routes_town04_tiny,1760842882.0,3561
tcp,2,map_03,routes_town03_long,1760745177.0,16161
tcp,3,map_04,routes_town04_long,1760749745.0,5360
tcp,3,map_06,routes_town06_long,1760748034.0,0
tcp,3,map_05,routes_town05_tiny,1760841626.0,781
tcp,3,map_06,routes_town06_tiny,1760841371.0,0
tcp,3,map_07,routes_town07_short,1760953743.0,0
tcp,3,map_10,routes_town10_short,1760953748.0,0
tcp,3,map_10,routes_town10_tiny,1760841392.0,0
tcp,3,map_02,routes_town02_long,1760757059.0,14464
tcp,3,map_05,routes_town05_long,1760753119.0,6134
tcp,3,map_05,routes_town05_short,1760960290.0,5541
tcp,3,map_04,routes_town04_short,1760973338.0,9712
tcp,4,map_01,routes_town01_tiny,1760842604.0,741
tcp,3,map_03,routes_town03_long,1760754494.0,16161
tcp,4,map_01,routes_town01_long,1760750604.0,8015
tcp,4,map_02,routes_town02_tiny,1760843677.0,4513
tcp,4,map_01,routes_town01_short,1760956940.0,8621
tcp,4,map_02,routes_town02_short,1760967309.0,5221
tcp,4,map_02,routes_town02_long,1760754755.0,6176
tcp,4,map_03,routes_town03_tiny,1760841905.0,821
tcp,3,map_03,routes_town03_short,1760959654.0,19521
tcp,4,map_06,routes_town06_long,1760748531.0,0
tcp,4,map_06,routes_town06_short,1760953947.0,0
tcp,4,map_06,routes_town06_tiny,1760843007.0,0
tcp,4,map_07,routes_town07_short,1760953960.0,0
tcp,4,map_07,routes_town07_tiny,1760843026.0,0
tcp,4,map_10,routes_town10_short,1760953975.0,0
tcp,4,map_10,routes_town10_tiny,1760843046.0,0
tcp,4,map_04,routes_town04_long,1760750346.0,5360
tcp,4,map_05,routes_town05_short,1760960711.0,5541
tcp,4,map_05,routes_town05_long,1760753671.0,6134
tcp,4,map_04,routes_town04_short,1760973987.0,9737
tcp,5,map_01,routes_town01_long,1760751108.0,8015
tcp,4,map_03,routes_town03_long,1760754937.0,16161
tcp,5,map_02,routes_town02_tiny,1760845287.0,4513
tcp,5,map_01,routes_town01_short,1760957141.0,8621
tcp,5,map_01,routes_town01_tiny,1760849627.0,6676
tcp,5,map_04,routes_town04_tiny,1760843266.0,541
tcp,4,map_03,routes_town03_short,1760960113.0,19521
tcp,5,map_04,routes_town04_long,1760751209.0,5360
tcp,5,map_02,routes_town02_long,1760756901.0,11175
tcp,5,map_06,routes_town06_long,1760749898.0,0
tcp,5,map_06,routes_town06_short,1760954812.0,0
tcp,5,map_05,routes_town05_tiny,1760849623.0,1001
tcp,5,map_06,routes_town06_tiny,1760843075.0,0
tcp,5,map_07,routes_town07_tiny,1760843090.0,0
tcp,5,map_10,routes_town10_short,1760954827.0,0
tcp,5,map_10,routes_town10_tiny,1760843092.0,0
tcp,5,map_05,routes_town05_long,1760754967.0,6134
tcp,5,map_04,routes_town04_short,1760975008.0,9721
tcp,5,map_05,routes_town05_short,1760961601.0,5541
tcp,5,map_03,routes_town03_tiny,1760864467.0,10801
tcp,5,map_03,routes_town03_long,1760755760.0,16161
tcp,6,map_01,routes_town01_tiny,1760849637.0,6676
tcp,6,map_02,routes_town02_tiny,1760845311.0,4513
tcp,6,map_02,routes_town02_short,1760967938.0,5221
tcp,6,map_02,routes_town02_long,1760763966.0,6176
tcp,6,map_01,routes_town01_short,1760957944.0,8621
tcp,6,map_05,routes_town05_tiny,1760849711.0,1001
tcp,5,map_03,routes_town03_short,1760960661.0,19521
tcp,6,map_06,routes_town06_long,1760757920.0,0
tcp,6,map_07,routes_town07_tiny,1760843196.0,0
tcp,6,map_10,routes_town10_tiny,1760843218.0,0
tcp,6,map_01,routes_town01_long,1760753978.0,12261
tcp,6,map_04,routes_town04_long,1760759343.0,5360
tcp,6,map_04,routes_town04_tiny,1760848788.0,6293
tcp,6,map_05,routes_town05_long,1760762659.0,6134
tcp,7,map_02,routes_town02_tiny,1760845479.0,4513
tcp,6,map_03,routes_town03_tiny,1760864602.0,10801
tcp,7,map_01,routes_town01_tiny,1760849655.0,6676
tcp,7,map_02,routes_town02_long,1760764575.0,6176
tcp,7,map_01,routes_town01_long,1760760505.0,8015
tcp,7,map_05,routes_town05_tiny,1760850120.0,1001
tcp,7,map_06,routes_town06_long,1760758336.0,0
tcp,6,map_03,routes_town03_long,1760764121.0,16161
tcp,7,map_04,routes_town04_long,1760760225.0,5360
tcp,7,map_04,routes_town04_tiny,1760849032.0,6293
tcp,7,map_05,routes_town05_long,1760763492.0,6134
tcp,8,map_06,routes_town06_long,1760759144.0,0
tcp,7,map_03,routes_town03_tiny,1760865442.0,10801
tcp,8,map_02,routes_town02_long,1760765148.0,6176
tcp,8,map_01,routes_town01_long,1760761029.0,8418
tcp,8,map_04,routes_town04_long,1760760693.0,5360
tcp,7,map_03,routes_town03_long,1760764929.0,16161
tcp,9,map_06,routes_town06_long,1760766796.0,0
tcp,8,map_05,routes_town05_long,1760764140.0,6134
tcp,9,map_10,routes_town10_short,1760972906.0,0
tcp,9,map_01,routes_town01_long,1760761649.0,7731
tcp,9,map_02,routes_town02_long,1760767205.0,8878
tcp,9,map_04,routes_town04_long,1760768650.0,5360
tcp,9,map_05,routes_town05_long,1760771939.0,6134
tcp,8,map_03,routes_town03_long,1760765472.0,16161
tcp,9,map_03,routes_town03_long,1760773298.0,16161
